{
    "train": {
      "accuracy": 0.9886999726295471,
      "loss": 0.041855331510305405,
      "TN": 473,
      "FP": 845
    },
    "time_real": 344.61309599876404
  }